{
  "position": [
    0.06362732851167613,
    8.594541269434785,
    32.8437588435118
  ],
  "quaternion": [
    -0.1276210412112292,
    0.0009607146223746827,
    0.00012361828519741064,
    0.9918225302875993
  ],
  "fov": 22.27746544854386
}